"ID","CRC_01","CRC_02","CRC_03","CRC_04","CRC_05","CRC_06","CRC_07","CRC_08","CRC_09","CRC_10","Ctrl_01","Ctrl_02","Ctrl_03","Ctrl_04","Ctrl_05","Ctrl_06","Ctrl_07","Ctrl_08","Ctrl_09","Ctrl_10"
"Taurocholic acid",NA,353.937728604095,NA,NA,96.886443105753,NA,437.844633394016,858.076923076923,5931.81441263574,166623.545454545,1926.85760662395,525.714285714286,6444.4499960135,1516.22336552385,863.5,224.830178050498,3395.63636363636,164.056181860536,125,500.543547819189
"Butyric acid",346032.698933344,73363.425856771,2236.98347107438,NA,190478.74714591,117459.469298533,NA,NA,18691.1589338598,NA,14487.44807971,47212.4285714286,33647.0433465331,NA,332274.25862069,NA,NA,5928.30178155294,78577,NA
"Glyoxylic acid",334630.923739132,36291.7259866828,998.553719008264,1143.3315926893,191932.043792497,40459.4728818102,30009.9956784088,35928.6538461538,18498.6219151037,90592.5,18699.5227917599,16155.8571428571,11057.5921545699,35621.2380111666,66064.5172413793,27482.451021024,10539.5757575758,1107.88557379893,17609,6759.51417185391
"Glycerol 3-phosphate",1654.37522425814,1618.93738824466,741.942148760331,NA,NA,1534.33135069777,NA,NA,554.171767028628,185.863636363636,790.551859166276,423.857142857143,488.215908788902,234.805299102733,NA,NA,553.393939393939,14135.1616445022,NA,430.902706383475
"Fumaric acid",192757.070048022,3965.41344084217,702.892561983471,1404.40731070496,188788.616971732,2490.90382688768,819.661754457991,922.211538461538,827.072063178677,NA,42497.1146343165,9009.42857142857,1028.24248544928,1166.74571104536,13031,929.703168695302,174.242424242424,3038.07744186177,1854,1309.03019136192
"D-Galactose",4039.06023219779,100118.496378288,3559.09090909091,11523.3420365535,8267.64314502425,7276.49148554717,11425.4623292296,5566.44230769231,108848.710760118,59412.2727272727,25076.1609086342,71451.1428571429,19606.3523533633,74771.8362933424,73592.3965517241,14510.6612212051,22514.9090909091,23318.2570587697,18898,15615.8705538112
"Lactic acid",25024.2883020668,12925.281496431,5154.54545454545,30824.9399477807,4801.26151390731,166345.500859486,7590.69037419578,2965.67307692308,116823.091806515,557885.727272727,3491.75411144285,8243.85714285714,2961.17894065432,8942.62352319169,9401.05172413793,2198.17072729102,2410.12121212121,12676.8844724086,2659,2178.4525711609
"L-Aspartic acid",58976.2411026076,3827.77099082947,6950.82644628099,30824.9399477807,NA,754.901925654145,NA,539.615384615385,NA,NA,8975.19468356429,NA,NA,7597.49859267293,NA,NA,3671.63636363636,9122.33386543028,12707,5451.57211863942
"Phenylpyruvic acid",5514.58408086045,NA,NA,441.127937336815,678.205101740271,190.769439695993,188.833467482727,NA,NA,153.818181818182,135.060112613829,111.714285714286,NA,225.704318517356,NA,NA,17240.2424242424,NA,104,242.654806877563
"myo-Inositol",1863.03516245286,2739.74019549096,4044.42148760331,57643.7180156658,1776.2514569388,2509.98077085728,1479.54134412291,3149.23076923077,5963.62487660415,30250.9090909091,2251.00187689714,3555.14285714286,209.235389480958,12613.9590913329,5486.87931034483,897.801589377326,2135.51515151515,2193.4919130242,9388,2959.73576101781
"N-Acetyl-D-glucosamine",7511.75777500991,9667.74351279704,2817.14876033058,8048.33420365535,10592.9177795623,1269.97941283333,5355.81516014196,1649.80769230769,11684.4856860809,2358.54545454545,31078.2323131927,32541.7142857143,35755.3389853031,20284.2655286888,12392.1724137931,20895.5344532743,16983.7575757576,10698.0833652759,5274,11131.6532482398
"Succinic acid",1841096.06037981,9503.8834532581,808.884297520661,1971.57180156658,13897.822005503,110242.933922605,4583.88054581697,123193.75,174.120434353406,470388.818181818,6909.67536132347,2027.28571428571,625.713450447817,5085.62795110881,5205.36206896552,1789.52668745599,4626.48484848485,2511.47735193907,1857,6875.94495362924
"D-Ribose",NA,22068.6728187035,1115.70247933884,41096.9190600522,NA,NA,4498.80173079728,NA,37996.7620927937,15766.3636363636,6826.83849225365,9203.28571428571,4965.8532436814,14273.9779501057,6810.55172413793,3600.3210944573,2436.60606060606,3420.87519953636,8833,6644.17152822601
"Uracil",67248.1172238983,10519.8158223995,9979.95867768595,639.185378590078,79511.4743087879,24478.4443907059,18872.9712830264,23072.9807692308,36284.0197433366,3928.77272727273,20721.8228779643,26739.1428571429,25925.2611156882,30604.7775125066,10416.1379310345,20571.9612916206,8954.66666666667,12063.1928291525,12636,16340.5705600016
"3b,7a,12a-Trihydroxy-5b-cholanoic acid",253.372782093588,13757.6905988888,2158.88429752066,1044.30287206266,5684.00466220417,55742.8302791692,24471.5723299319,1499690.67307692,444907.846001974,462383.863636364,1606.3149393538,2704.14285714286,36767.6397267919,13331.1163614606,33256.9310344828,31465.5910672971,168407.393939394,3718.60678883881,21572,8907.49887488669
"2-Furoylglycine",NA,34620.3533793857,NA,5824.68929503916,NA,NA,2799.30052345274,6400.19230769231,19702.3968410661,7037.18181818182,3520.56693546713,12508.7142857143,3058.8221224121,10970.3219976137,10727.4310344828,NA,3260.42424242424,3402.64673488519,2876,7208.91522674375
"4-Hydroxybenzoic acid",6528.07520923481,6357.77031011059,2248.14049586777,33759.7911227154,7008.11938464947,3343.91575009977,6986.8382968609,1775.86538461538,1642.42448173741,16080.4090909091,6850.24891177338,1219,3146.50171419459,NA,10865.4827586207,4984.24198772759,2532.78787878788,3769.24141286984,6925,3557.12360395854
"Glutaconic acid",5365.54126786422,2182.61599305858,4725,4096.18798955614,3886.2228845752,1234.55080260407,5233.38467023558,1057.11538461538,10470.6653504442,2646.95454545455,36320.3654841108,23831.2857142857,2803.75421904483,15895.7726904199,22878.6896551724,5186.28532340811,5365.27272727273,3360.11365069912,3077,5035.90334632001
"Ethylmalonic acid",13085.9589810689,3808.1077836848,1852.06611570248,NA,3035.77521731359,3327.56408384011,2878.15405932464,4292.59615384615,4421.65449160908,NA,15616.5506211616,21422.8571428571,9080.81590347357,25095.0438661192,7506.22413793104,13375.87647118,10938.2424242424,11895.0858773695,8374,10125.1254618642
"Dodecanedioic acid",NA,1396.08770727171,11558.6776859504,28952.3968668407,NA,NA,51553.6117158338,NA,13460.8489634748,6127.09090909091,20568.7547503353,4439,NA,8880.73685521112,19746.8103448276,5023.7391811689,3225.57575757576,445.58469147306,2654,4633.29223176979
"Deoxycholic acid",983.682565775108,229574.497816426,38296.4876033058,1116.32375979112,63030.0138204649,1480635.20397877,555436.006309523,2471453.94230769,1143716.76999013,570300.136363636,11728.6201793849,1130509.14285714,1678916.72150318,331687.057630191,456420.655172414,1136164.11354994,3522473.6969697,384025.140961096,1221173,731765.287181673
"D-alpha-Aminobutyric acid",70825.1447358078,943.833942944253,3090.49586776859,4924.42819843342,2551.34300178483,670.418316645919,1518.96811205886,2300,175.794669299112,42466.6363636364,8397.1374015771,3055.71428571429,683.502272304462,4361.18989651278,NA,4179.10689065486,2255.39393939394,2867.94510511751,2619,6539.71026607244
"Leucinic acid",207452.69140945,3683.57413843521,14074.5867768595,18167.2689295039,129321.87122549,32109.2219785456,4766.48873415192,26080.6730769231,17591.1865745311,149774.045454545,25837.8999437762,6509,38070.877295559,3371.00320882373,14078.5689655172,770.195272105422,734.606060606061,13699.7038778354,3745,1268.7690799069
"Malonic acid",97578.3296686308,39627.9167988955,17505.3719008264,36514.590078329,67174.6005533221,13631.8391051337,12465.0839469093,14288.75,7478.80750246792,6056.59090909091,2178.96981683643,11109,5834.67828952614,9237.49529415791,17364.7413793103,6791.99814907957,6544.54545454545,4040.64299767616,6565,5986.93608717647
"Methionine",3263,3887.31170336037,3325.77143129654,56257.315926893,1150.32773780975,4755.18919402985,1945.83502125203,6753.58248774978,2283.70542479038,22136.2761747733,5233.6113278022,2028.27325581395,5317.71764070725,5559.56470588235,4274.05263157895,2856.84684684685,5349.23680183627,2809.97044334975,2726.3958490974,10652.7843439402
"Levulinic acid",NA,1022.48677152294,4858.88429752066,1647.47780678851,1571.71341038221,NA,545.749471955574,154.807692307692,NA,NA,NA,354.857142857143,5996.08844712573,311.253536019902,73.0862068965517,162.546142239211,NA,382.797757674583,1137,969.531089362819
"Azelaic acid",14904.2812996228,1946.65750732252,6722.10743801653,70166.3498694517,14952.8077193212,9492.14226373063,13093.8371408353,4962.69230769231,17892.5488647581,2666.18181818182,3722.25670363711,11536.1428571429,9180.45180322641,23779.0420734737,6997.3275862069,19116.641625591,3614.48484848485,18275.0485052792,16551,12725.7756342292
"Sebacic acid",NA,1048.70438104917,1840.90909090909,50900.7624020888,NA,NA,3355.42546065461,NA,1113.36623889437,1256.18181818182,4898.18008412818,384.428571428571,NA,NA,3158.94827586207,2295.39458806961,1403.69696969697,243.046195348942,8349,NA
"Myristic acid",109978.691709917,659359.770779903,266134.090909091,52008.0835509138,125898.550235753,248193.766322197,121600.452686679,129392.692307692,91716.2645607108,516649.636363636,88849.7452833825,75049,371619.986180137,70594.4862046543,127064.431034483,110894.447077759,132036.727272727,184407.249951087,40961,102849.729557221
"p-Hydroxymandelic acid",14010.0244216455,NA,NA,80168.2506527415,9893.18235713189,5006.33515316485,3542.18383508808,1696.25,NA,475907.045454545,2261.80668590625,NA,2064.45584287878,NA,1513.15517241379,5522.01146765919,1643.45454545455,1628.40950883791,45371,2958.64762287038
"Tetradecanedioic acid",NA,150.751254775818,1221.69421487603,252.073107049608,269.129008627092,NA,892.290011182117,1545.86538461538,8099.94866732478,64.0909090909091,2524.72370512784,12443,121.555797698461,196.581180644149,695.672413793103,2814.93459410522,2714,210.640035969083,4683,152.339340640623
"Undecanedioic acid",7943.98193269898,5086.21624808847,8875.4132231405,5005.45169712794,3907.75320526537,2959.65159299784,4878.54375881199,950.961538461538,8818.19545903258,52131.5454545455,2901.09121894504,519.142857142857,6053.87726898238,11734.8043667854,920.344827586207,5075.38935720752,2559.27272727273,5399.67630666899,13083,6552.76792384164
"Dehydroepiandrosterone sulfate",60690.2334520642,30589.395914728,29895.2479338843,32994.5691906005,42457.79240101,14833.6865752184,12363.4043874955,13370.9615384615,51934.7680157947,38685.2727272727,12101.386090199,19405.4285714286,9991.4880272145,8844.33293286961,25019.8448275862,26757.8294336586,6370.30303030303,15674.4542150455,15812,29493.984486172
"Arachidonic acid",1099757.10853657,74949.5912331079,133884.297520661,2160.62663185379,404673.14253204,114655.158535002,145206.711215069,78536.1538461538,397974.017769003,1086174.27272727,44816.5469682714,62238,108425.778829032,104674.018104658,202473.155172414,66903.6883210945,362325.272727273,41088.9847086999,15857,23048.9422389262
"N-Acetyl-L-glutamic acid",8256.97183999106,230.735805330243,4942.56198347107,43764.7438190426,4553.66282597039,831.209701532542,2338.62986651685,2554.32692307692,3721.92342660875,5543.86363636364,13235.8910361552,2551.11918604651,1281.48549061952,6907.66803069054,1369.68965517241,4049.98145055829,1665.75757575758,3540.37291224959,2251,5334.05319871666
"N-Acetylserotonin",464,17316.7310920744,1726.23927839055,9709.88900578643,1614.77405176255,1542.00095522388,6883.08364439787,6035.28846153846,21246.4935852106,3396.595713108,11382.8662910935,17324.3081395349,4907.33756242408,26258.6900255754,17969,4162.88288288288,24233.6363636364,7678.23438806532,7654,9643.08026255141
"Geranyl-PP",3398.17613631401,336063.873309588,294210.743801653,1989.57702349869,1367.17536382563,15021.7307372045,846833.022845012,137971.25,1098.29812438302,1345.90909090909,455278.635613708,215937.142857143,1170404.97993462,77742.3963564096,22635.0689655172,295186.832552057,6076.18181818182,1681806.75795607,45249,222685.295595872
"m-Coumaric acid",NA,271.147161066049,2716.73553719008,15655.5404699739,196.334132693845,656.225373134328,296.738306044286,531.180645103916,3922.73247778875,NA,1626.1237558705,381.142857142857,2237.82230844872,1771.05082191441,4764.13793103448,376.742460517051,2753.0303030303,725.087816124343,1696,1514.68830122676
"p-Cresol",2056.79081934795,NA,105.99173553719,16708.8459530026,236.833527591841,2112.09022520564,178.458002236423,185.769230769231,150.681145113524,429.409090909091,340.351483786848,328.571428571429,414.485342971802,245.726475805186,29.7758620689655,341.802635549744,45644.5454545455,407.102377209478,3862,290.532885364616
"(R)-Mevalonic acid-5-pyrophosphate",NA,865.181114365565,2108.67768595041,14890.318537859,NA,1659.69412535514,481.421587428491,1127.88461538462,NA,NA,2666.98702374773,515.857142857143,11147.2644643474,609.765699220276,3521.6724137931,1918.65212755256,NA,573.183944031255,1505,591.947152203562
"4-Methoxyphenylacetic acid",9553.64431305824,8455.17907220893,4395.86776859504,25144.2924281984,264177.034868353,25843.8085233872,8215.29338202326,8910.28846153846,19036.0513326752,647542.5,20069.9327344149,8835.28571428571,14010.8002232439,8389.28390360075,25068.5689655172,6377.27761794588,19300.4848484848,5158.65549628129,8337,14807.3839102685
"Itaconic acid",180893.262133522,5486.03479336347,6019.21487603306,80609.3785900783,532810.846119571,5308.8409789685,8570.13429344685,9228.75,2874.6614017769,102167.318181818,26059.3985284628,6597.71428571429,5079.43816939963,7772.23741991217,4861.58620689655,9321.33765214767,4406.24242424242,7137.45660341393,10259,10618.0520426514
"Adrenic acid",NA,NA,NA,NA,710.500582775522,765.803036493916,13409.2512843229,541.826923076923,800.284304047384,217.909090909091,4294.91158111975,23381.1428571429,19411.0659898477,4424.89676061042,785,17548.9068705362,186.787878787879,5976.91102062273,7198,361.261864947762
"1,11-Undecanedicarboxylic acid",3293.84616721665,4574.972862327,16317.1487603306,2160.62663185379,7804.74125018566,1932.22189634942,329.939794832457,1983.75,5752.67127344521,3807,1494.6652462597,6702.85714285714,259.053339357376,11443.5729880534,3751.75862068966,7027.46218690273,2467.27272727273,8405.34758915091,14126,23361.2378872395
"Heneicosanoic acid",493957.6908321,227621.285906722,182071.487603306,150091.53002611,179218.389424953,35515.8191159741,36940.8064629397,27622.1153846154,24750.2152023692,48683.4545454545,28609.3334546119,36599.5714285714,31445.0899619954,23194.7591198925,32225.6034482759,30178.8940348054,37481.6363636364,25576.5612905536,15254,20249.162785581
"N2-Acetylornithine",1207.24678526945,13292.3280297982,12501.4462809917,30068.7206266319,3520.20743284236,4423.1257232371,7760.84800423516,2070,8466.60612043435,30174,4739.70955199462,2089.71428571429,3399.5768995668,7622.98133831199,10786.9827586207,5048.04514636355,6222.54545454545,2391.97963922584,4560,2040.25902643691
"D-Cysteine",NA,12459.9189273405,970.661157024793,6472.8772845953,2809.70685006684,1114.63858336659,NA,NA,10586.1875616979,NA,11119.9492718719,17348.5714285714,14068.5890451006,13016.2224332065,9187.20689655172,8505.56869530228,6781.51515151515,6078.18026868479,3612,5315.5548502103
"D-Glutamine",2101.50366324682,432.590557182783,1076.65289256198,48614.0992167102,2379.10043626349,547.780819698495,141.10632734973,17.6923076923077,771.822309970385,781.909090909091,878.791132740644,118.285714285714,235.140723416695,143.795493248961,2168.22413793103,934.260537169299,2504.90909090909,386.848527597066,1843,991.29385231148
"Phosphonoacetate",340786.391915876,3165.77635029218,2934.29752066116,NA,601471.038800515,135075.664415603,9850.46670484072,51725.6730769231,23132.9042448174,2236.77272727273,1240.75223454571,857.571428571429,1883.11850532862,3889.75910219024,22689.2068965517,2498.95704657479,3765.0303030303,1241.56098124084,2948,949.944602709025
"Galactinol",NA,275868.241837366,32868.5950413223,32895.5404699739,6189.96719842311,10416.0114074012,9462.42430462896,36220.5769230769,81218.8114511352,136199.590909091,10678.752904,53642.5714285714,8861.61692401733,25470.0042662368,23736.775862069,NA,12661.1515151515,15044.5594920995,8728,40277.4335272332
"Linoelaidic acid",1380255.68259547,968065.56854887,2754981.81818182,126846.788511749,821683.158819546,851766.47129864,7128133.45767812,631104.519230769,6950251.53010859,1582058.45454545,1170866.72987481,5757143.14285714,1384923.06482047,2885110.95635103,2946413.5862069,2746173.01856956,2570202.60606061,10463154.9128516,5809878,1383058.40580808
"2-Phenylpropionate",828663.135977731,28937.6865145755,965.082644628099,585.169712793734,372862.093712318,24047.8505125349,28534.6045203844,6866.82692307692,1990.66535044423,390.954545454545,48367.7275292643,41965.1428571429,55600.8174980732,42155.7420714674,8269.56896551724,157993.331133689,4381.15151515152,32825.4140668358,15233,9947.75894383266
"1-Naphthol",6408.84095883782,2608.65214785981,2984.50413223141,3898.13054830287,9570.22754677938,54914.3458553466,3575.38532387625,2180.57692307692,18894.7934134761,3204.54545454545,20325.6465476304,5490.42857142857,12392.7132112579,3940.83529411765,5402.96551724138,2400.21406297153,1032.90909090909,9772.4824379887,2517,981.500608984583
"D-Tryptophan",180833.645008324,9523.54666040278,10080.3719008264,60362.5065274151,107220.997037033,66712.0730616888,11439.9879805744,8202.59615384615,30405.7808489635,363574.909090909,9745.93772621387,7366.57142857143,11832.7594546469,19466.9974721219,10272.6724137931,6141.81358012272,12860.4848484848,4581.42078232755,5622,11376.4843314122
"2,4-Di-tert-butylphenol",46188.3677475312,24461.0296879719,14442.7685950413,25216.3133159269,35342.0214129097,9274.12004693521,7848.00191230411,5913.65384615385,5141.57551826259,20079.6818181818,7313.05489766344,9321.57142857143,5468.0181784357,5103.82991227956,8028.65517241379,5130.07777889548,5421.0303030303,5768.29636961489,2533,3427.63516441401
"Mulberrin",491.841282887554,1317.43487869302,133.884297520661,558.161879895561,NA,656249.597831927,19335.7170330116,NA,4066.71668311945,1179.27272727273,NA,NA,209.235389480958,NA,316.706896551724,615.244743989538,4641.81818181818,925.60092728722,4110,NA
"Limocitrin",NA,105244.039040666,4423.76033057851,NA,NA,7821.54702753572,60287.6783601722,9000.96153846154,4818.44817374136,NA,4170.65627751503,15643.2857142857,1159.76187312302,822.728644918104,1824.44827586207,587.900533145559,433.515151515152,8083.31138031356,10483,877.039346831013
"2',4'-Dihydroxyacetophenone",51732.7603909909,10860.6447462405,29398.7603305785,NA,NA,102623.057445605,55641.5450228774,95014.3269230769,144824.671273445,20630.8636363636,25873.9159738065,70843.2857142857,78283.9264358041,74247.6198116247,34496.6896551724,97143.3472688864,NA,58268.2999499476,61747,71575.5510618491
"Indole-3-methyl acetate",6110.75533284537,1002.82356437827,2259.29752066116,2412.69973890339,2066.91078625606,539.604986568667,419.168795950669,1773.65384615385,326.475814412636,1800.95454545455,3261.25151924858,667,NA,1701.88336946555,755.224137931035,1408.22685846494,708.121212121212,966.108626512044,4209,3134.92600275453
"5,7,3'-Trihydroxy-4'-methoxyflavanone",402.415595089817,288.393704788522,1801.85950413223,441.127937336815,NA,2605.36549070528,8696.71496945175,3974.13461538462,3242681.68213228,424749.681818182,25794.6807077397,74437.8571428571,3441.42397746299,396.802753522448,2448618.01724138,1245.68071622573,53684.7878787879,110053.342638962,293467,1681.17343778401
"1,2,3-Propanetricarboxylic acid",122155.489531709,NA,NA,NA,8073.87025881275,6834.99649653644,323.714515684675,9186.73076923077,NA,457250.181818182,3785.28475619023,3791.71428571429,115.577643713291,1028.41080614763,600.931034482759,154.950528115884,NA,9853.49783643835,1400,2063.109927533
"4-tert-Butylphenol",8972.37734237295,2523.44491689957,2443.38842975207,NA,5716.30014323943,1458.02357481938,479.34649437923,1906.34615384615,828.746298124383,9350.86363636364,1939.46321713458,515.857142857143,559.953756610944,21913.3410534713,1775.72413793103,NA,2436.60606060606,2641.1019894585,2462,620.238744036821
"Methylparaben",968.778284475485,648.885835774174,647.107438016529,55501.0966057441,796.621865536191,198.945272825821,319.564329586154,2308.84615384615,256.157946692991,929.318181818182,169.275341142665,NA,344.740213144816,353.118046712637,554.913793103448,197.485967206518,146820.848484848,157.980026976812,NA,184.983485063613
"Propylparaben",1087,831.039976825029,862.538413849015,4004.3208837454,1365.6898481215,798.506369013229,5270.73634512227,3759.61538461538,379.278715021719,4158.52030777686,76.6449443030443,174.142857142857,118.576326089891,100.123273657289,172.052631578947,949.429429429429,62.6300688599847,1780.65446868403,11743,349.008706371831
"2-Propylphenol",11759.4779454024,30438.6446599522,24199.5867768595,NA,NA,4292.31239315985,20603.5988861099,20087.4038461538,77985.8637709773,9780.27272727273,61538.7897113648,74999.7142857143,89026.669147155,98103.1101220156,37149.4482758621,50117.3811085404,16330,32523.6317076109,14930,31511.3926115128
"Colubrinic acid",253.372782093588,10395.2821771499,187332.024793388,1377.39947780679,9667.11398988513,48128.4043575891,2023.21572302922,15292.7884615385,21338.1243830207,12414.4090909091,5746.35759134303,305.571428571429,2090.36117681452,1128.52159258678,57529.6724137931,9951.77362438386,96764.4848484848,2728.19354279187,1723,70239.3174168014
"Glycocholic acid",NA,989.714759615154,1305.37190082645,270.078328981723,376.780612077928,182.593606566165,657.804496615654,3118.26923076923,2233.42941757157,38505.8181818182,3554.78216399597,3643.85714285714,8829.73343609642,9991.05648662715,1077.34482758621,1080.09632833719,1380,684.58011689952,569,2199.12719596213
"2-Hydroxyadipic acid",NA,570.233007195486,NA,NA,NA,545.055541988552,2550.28935754145,745.288461538462,1007.88943731491,7742.18181818182,500.622817421924,NA,203.257235495788,36203.7007686307,NA,347.879126848406,NA,NA,4442,1616.97328708547
"Ursocholic acid",NA,10441.1629938208,6108.47107438017,1980.57441253264,1970.02434315031,39077.7570828692,18484.9288828147,1446540.76923077,1868568.41855874,1433880.27272727,615.874113519058,5437.85714285714,3200.30510006113,1996.75514043177,48182.7586206897,11893.2125943064,586764.848484849,18177.8300271396,21516,13482.0316466951
"p-Hydroxyhippuric acid",NA,675.103445300403,251.03305785124,221671.289817232,NA,NA,759.48405602943,84.0384615384615,161.236488534195,28255.3399285518,408.781940844521,NA,158.322580645161,100.123273657289,108.275862068966,312.939301881099,63.416220351951,118.118226600985,1925,255.456044379382
"Hesperetin 7-neohesperidoside",NA,4909.24738378643,8674.5867768595,NA,7051.1800260298,2264.70577696243,5306.01292695971,2720.19230769231,NA,NA,2168.16500782733,506,123.548515693518,702.595701191124,NA,1049.71387184388,NA,198.487726201636,315,624.591296626553
"Vanillin 4-sulfate",1109,2269.55388180765,NA,873469.326370757,204.983213429257,68.4533134328358,132.089311014325,132.009391090914,7803.60908193485,583.227272727273,NA,152.436046511628,78.1676339586989,219.517135549872,77,182.867867867868,1446.90909090909,100.800140745954,1554.91358772025,NA
"p-Coumaric acid sulfate",NA,3624.58451700119,5204.7520661157,306.088772845953,NA,158.06610717668,1226.3799921131,174.711538461538,328.150049358342,NA,1372.2107441565,7603.14285714286,1157.76915512797,2544.63417167148,146.172413793103,9005.36010461724,65.5151515151515,5673.10327643655,3378,15840.0270121825
"Octadecanedioic acid",3979.4431069993,1881.11348350695,1071.07438016529,2457.71279373368,3434.08615008169,1425.32024230006,1608.19711317707,1167.69230769231,5218.59032576505,1070.31818181818,1033.66006187117,3519,12452.4947511096,6063.07326597833,3968.31034482759,4671.30268584649,3489.0303030303,3653.79447007909,6534,1390.6405524194
"Serotonin",NA,170.77056778679,177.27373060913,342.099216710183,217.091926458833,207.933373134328,NA,329.519230769231,764.295383372058,215.293322341303,11557.5440367407,177.428571428571,2156.12087065139,1259.57571301621,225.842105263158,7780.94710793683,84.6423106350421,131.439831104856,102.36748459626,169.540334386316
"Tetrahydrobiopterin",54,738.48493626883,650.391162464318,7201.97685428722,710.954436450839,373.14776119403,242.213884661804,484.932457068663,7096.41377916961,4131.03605386095,5231.26846924272,2501.11627906977,667.405857740586,12364.1769820972,4636.57894736842,3851.35135135135,6230.25057383321,1742.46586910626,5068.33924981083,6761.75730025426
"Bilirubin",200,34856.0979142526,16968.8739840445,316.321409784324,96.0047961630695,118632.680298507,13615.1282993126,92794.968740829,69743.6751186989,161856.298213795,23764.2837569828,4723.09011627907,25979.4768524767,20087.0746803069,3580.68421052632,8217.64264264264,83581.5302218822,11647.5228712175,117766.004972435,35079.1934663687
"Cyclic AMP",81,21009.9942062572,9145.58082339236,13891.8574434508,57.083932853717,7328.10734328358,797.04916828462,27024.2082047542,1670.89200929387,2430.82956856279,750.384127193997,2238.96511627907,475.961398299366,1335.95447570332,642.157894736842,3223.15315315315,139.672915072686,664.748064743139,2167.58681223652,531.913706757069
"Pipecolic acid",36027,1931.27172653534,496.366445705565,9143.41083640189,19226.9064748201,745409.232119403,80098.1758933725,2012.02068530063,662.733609455501,693.213959879088,20415.6694873236,3389.51744186047,816.454312322851,2197.26598465473,17931.7894736842,10321.9069069069,630.231446059679,16017.4532019704,13724.6460706951,2614.51051698898
"gamma-Aminobutyric acid",65317,85840.2375434531,66750.2436658196,14656.8295633877,88705.8369304556,11965.948,13532.3844256704,20987.697137318,21133.1690069704,131069.353118989,17025.8878458335,14403.75,8656.07180456202,28334.8864450128,14345.2105263158,23460.7207207207,25769.5218056618,44668.6720619282,20979.7181710085,8240.6530549349
"Guanine",317,698.725376593279,508.572177977014,122045.682272488,626.193445243805,2407.18907462687,73.1154956184079,5761.26699689632,8151.33649863622,698.558120362737,202.155224275278,NA,138.449453367526,250.517647058824,840.368421052632,1460.09009009009,353.768171384851,NA,2671.76581991136,820.59049233377
"Glutamic acid",34421,1687.5,4859.04389472895,10076.9668595476,2722.73061550759,1632.07110447761,2471.48428399013,5731.18322409669,287.758359430245,59247.6534762297,21415.7353981423,6477.56104651163,2071.77351869348,12662.8710997442,2934.84210526316,7886.42642642643,5767.993496557,10950.3589021816,5679.73607177602,21460.2169658679
"L-Tyrosine",5742,8990.22305909618,9350.75337062194,142.299316149395,2153.62110311751,39059.5635820896,7225.49593325287,15390.7683619839,9515.24800484897,2966.00906842539,13143.4365186924,7322.75581395349,13148.7234444594,18771.2286445013,5828.78947368421,6087.98798798799,18487.4005355777,7524.93033075299,9875.01597665117,24379.4418676323
"Indoleacetic acid",1469,53.4472769409038,100.551984902884,2687.37243556023,7004.89048760991,429.76328358209,141.717689038149,24567.2170889397,5299.57369431256,NA,882.922982844677,1225.79941860465,1510.35767310028,1987.38414322251,134.473684210526,2373.28828828829,676.876434583015,2102.59324419423,1136.76411198789,175.649895985823
"L-Acetylcarnitine",1125,1125,3211.27003808343,1952312.175697,2569.64188649081,739.604597014925,540.392716587081,1279.23386128576,2258.45843014446,910.797636713383,595.755462268205,386.915697674419,1061.88743420165,999.13810741688,2052.84210526316,1375.64564564565,849.305661820964,1384.11470795215,718.869916765755,977.148008321134
"Methylmalonic acid",10610,259.41483198146,NA,NA,7086.19184652278,2855.99576119403,679.402424306029,908.799345469421,788.394787352258,861.936740862874,267.42056986084,197.098837209302,216.285868538264,1015.89514066496,716.947368421053,NA,9999.84697781178,535.972554539057,NA,NA
"Oleic acid",16790098,9749807.93742758,8582440.30378177,11386004.553393,11789066.3581135,5589154.36752239,4455547.87752532,5095616.82650493,4349914.58935246,8874994.63704314,3828008.98401811,4523275.5872093,4838886.89404778,6464728.53299233,5866135.21052632,4509442.31231231,4002101.49387911,6783273.97888811,3983145.63009404,5824354.28122352
"Orotic acid",309,318.728273464658,NA,295.475013150973,1135.62430055955,1271.27582089552,687.52636826363,1396.87488327834,1249.72623497323,371.800879362462,563.959524675239,621.395348837209,732.987177756782,212.395396419437,924,124.384384384384,120.019127773527,175.845179451091,116.152632147876,229.872255181447
"Pyridoxine",1903,517.52607184241,1407.72778864037,214.808521830615,4690.39648281375,3456.63498507463,1258.91042661489,28613.7090362571,293.783210425295,12446.5497664193,1315.34773410901,1502.51453488372,843.945471723579,1826.09769820972,590.210526315789,1984.72972972973,1345.62930374904,884.554539057002,1789.26109609772,1823.32228985284
"Sphingosine",24251,166988.847045191,200038.002520728,6295.61178327196,22953.795363709,43244.9947462687,140679.027758829,50353.5004935659,172480.008081624,7475.71706512778,12532.9545169074,25385.9418604651,105389.181266028,19633.7969309463,17209.3157894737,49146.3813813814,81976.9950267789,106373.45601689,21046.3463841747,23276.2841513214
"Pyroglutamic acid",18236,1445.03186558517,4485.31599708413,6679.91057338243,37511.928057554,245689.235641791,9167.11853911948,3429.1010876235,3887.17648247298,28527.8921132179,141849.710260139,37555.0959302326,8375.19827237144,19981.0864450128,84399.7368421053,75317.3123123123,5934.91966335119,161461.843068262,88256.5991136093,27423.5309345866
"Sphinganine",43014,46554.533603708,42211.4907720921,59533.683324566,65022.0591526779,41046.2537313433,18703.1243112767,27845.4503010307,20002.505303566,59376.676779335,22392.7074174462,28512.8226744186,22957.7678499123,4325.40920716113,24047.5789473684,18677.3423423423,13096.7597551645,26070.8240675581,11855.4821749,2559.14261499345
"Urocanic acid",1251,6897.95770567787,4428.35591315071,19413.4334560757,1086.32454036771,5115.46979104478,9828.76864144409,3126.46731348991,10156.1773916557,8911.00588073647,11114.5210061812,4505.60174418605,4609.57187204751,12695.1283887468,16681.3684210526,8179.41441441441,2510.96786534047,7241.62420830401,22487.9154253594,7723.24955697665
"Tyramine",12165,14269.7711471611,10677.109610786,2549.60494476591,NA,1478.17982089552,6393.84478144514,11664.870650173,25728.6958278614,2640.77873042045,26842.4652100618,36483.6744186047,39495.1907139965,44242.7570332481,9167.78947368421,18732.972972973,11483.0527926549,25450.0372976777,10398.3410225922,35827.6147623083
"12-Ketodeoxycholic acid",1384,27376.0863267671,97987.0374498409,2255.03629668595,4876.3517186251,132319.740179104,103690.410033059,370751.517959572,41295.189413072,3064.49431162407,3039.35693980762,121848.345930233,1728893.17964638,24733.3810741688,81917.3157894737,315239.384384384,208441.516832441,18059.2111189303,36798.9408280186,173185.451575622
"3-Hydroxyadipic acid",31,282.879490150637,NA,81.572856391373,NA,71.5414328358209,227.470430812825,685.191601376649,NA,NA,4101.00656133276,133.502906976744,866.468349304899,21062.3340153453,563.315789473684,6453.72372372372,2773.01836266259,10322.9113300493,1372.38802291644,2889.82263656676
"7-Ketodeoxycholic acid",186,4398.31981460023,1137460.90875646,681.586533403472,4792.45563549161,14729.8148656716,51510.6188802015,27195.7306108656,63549.841398121,2629.32695795548,358.792053680627,34667.5494186047,516467.468754218,3043.49616368286,19364.2105263158,29941.8318318318,15932.4081866871,1174.52146375792,1192.41526321479,3425.55481932352
"17alpha-Estradiol",633,1658.16917728853,NA,2922.12098895318,1491.96642685851,32.4252537313433,NA,1429.65272528391,NA,106.883209672987,619.184047863022,302.444767441861,578.639222567148,331.370332480818,794.315789473684,NA,NA,NA,290.764501135012,696.108174743817
"Allocholic acid",413,7531.50347624566,42280.0753629508,145.018411362441,17453.8449240608,77586.4265671642,53636.3842157737,126931.968660791,160129.924234771,13084.0317669689,920.408719796384,53458.9331395349,406566.093939803,8758.90127877238,45567.4210526316,70773.8588588589,54487.3737566947,7931.6833216045,20488.5584693547,49111.7109176362
"3-Hydroxyvaleric acid",NA,NA,395.814460802682,310.883219358233,NA,1556.92686567164,256.656451697539,156.70502547867,382.147691686029,205.368452871668,397.951261031964,219.915697674419,549.160750438656,657.29462915601,497.736842105263,236.501501501502,642.023718439174,273.98099929627,2787.66317154902,930.562601124894
"Elaidic acid",495,37354.4322132097,24748.5752437271,260.126775381378,371.045563549161,12705.5525970149,26584.2526105893,8683.43406226934,16518.4200424285,17879.2706237977,9976.56113443295,8723.80813953489,5094.47617762181,25941.9820971867,2722.26315789474,22394.8948948949,25862.2876817138,52690.4982406756,29559.9513998487,10037.6278603899
"2-Furoic acid",704,292.004634994206,323.74251786651,NA,1656.29896083133,872.393731343284,436.285879204492,901.166149385933,750.237397716941,NA,622.196294582355,772.375,929.068700229451,1028.88184143222,187.157894736842,595.675675675676,228.508033664881,567.944405348346,529.196497675927,711.382078742584
"Glutaric acid",1515,2094.87253765933,33966.2280100557,13778.5618095739,1824.95603517186,16162.7022686567,6463.65052211786,68053.5351765721,364.933831700172,426.00593569662,17220.0104121905,6790.20058139535,1561.36536644621,5759.81125319693,8556.57894736842,3173.51351351351,10812.727620505,13139.9866291344,15596.3627715923,126865.046613761
"Indolelactic acid",4572,592.482618771727,544.02692409884,NA,1326.76898481215,742.178029850746,268.691924227318,426.111946072372,329.932316395595,862.700192360539,699.510627045252,445.171511627907,337.180726143879,384.573913043478,685.631578947368,402.252252252252,212.785003825555,437.836734693878,259.875559398984,375.356190769705
"Linoleic acid",3189423,1400799.68134415,1261355.48479047,1357589.85796949,1631628.32294165,1156711.22322388,665259.239649473,865296.862966553,650300.325285382,1494173.06617203,642801.400918917,818617.494186047,728912.524227291,966285.105882353,770118.631578947,677825.285285285,540672.543993879,926517.593244194,546136.912333802,896954.666461207
"1-Methylnicotinamide",NA,400.202780996524,693.983063433776,75627.1015255129,338.179056754596,465.791343283582,271.700792359763,NA,282.881099100919,NA,753.731067993257,306.813953488372,210.986367930895,1116.43734015345,915.894736842105,1291.2012012012,624.20428462127,644.765657987333,361.732482974814,758.349333538793
"Hydroxyoctanoic acid",1659,NA,NA,NA,NA,238.814567164179,123.062706616991,202.953213513922,178.737246186483,426.769387194284,100.742918057713,118.938953488372,106.652449723309,NA,174.263157894737,281.006006006006,225.88752869166,NA,NA,512.439479158641
"Kynurenic acid",16,34.545191193511,13.3681829639672,4044.20094687007,82.1662669864109,NA,78.832345070053,680.70148603342,34.1408223052834,NA,1617.57648828215,78.1598837209302,273.586718855446,6613.1631713555,182,2117.38738738739,985.833970925784,3382.79943701619,505.200129715706,653.341243547269
"L-Pipecolic acid",5626,350.014484356895,255.157927007896,2420.90110468175,3303.94884092726,1565.67653731343,540.392716587081,9929.44107001521,5040.50510152541,277.896345149766,376.530839916702,890.828488372093,676.348765015522,1493.47058823529,1767.68421052632,971.966966966967,358.223029839327,906.313159746657,891.439541671171,448.670929963788
"5-Hydroxyindoleacetic acid",NA,350.014484356895,145.887561911121,4847.24039978958,251.68824940048,127.642268656716,17264.8853439681,604.369525198538,362.064855035862,119.861885133278,5543.53804581364,870.438953488372,1353.028748819,17446.5851662404,1335.89473684211,1133.15315315315,8645.57000765111,10819.3631245602,8357.37334342233,20264.6521303644
"Pseudouridine",667,2562.86210892236,NA,645.331930562862,601.111111111111,1635.67391044776,NA,NA,2320.71522375998,268.734927177796,1166.07417446204,4074.99418604651,4777.16857875557,1011.28695652174,747.526315789474,1507.44744744745,679.496939556236,1270.43701618578,2775.66498756891,2360.96371060945
"Octanoylcarnitine",NA,NA,NA,33677.8069437138,2983.06794564349,1045.32841791045,599.366531982998,995.907583128051,1827.53813516517,550.448529815883,754.735150233035,1856.41860465116,NA,1760.7452685422,NA,NA,9180.41507268554,74.1569317382125,133.511706842504,NA
"Pelargonic acid",13082,9073.00115874855,9146.16204873862,4885.30773277222,12108.7130295763,6700.70441791045,3100.03683685785,6470.7052211264,3510.76674411557,8873.59675735092,4222.50051234588,7304.79360465116,4141.89094344716,5267.57340153453,4588.31578947368,3251.96696696697,3935.99846977812,5689.6572836031,3226.74564911901,4546.27752523307
"Histamine",NA,3959.00926998841,652.716063849356,348.044187269858,361.531574740208,37361.6125970149,596.056777037309,1395.07883714105,12372.7487625013,990.960043968123,984.669983142168,4814.35755813954,1499.42745309758,1756.97493606138,12768.3684210526,4366.57657657658,1432.89211935731,3080.84306826179,15958.8610960977,1218.09384390169
"Acetylcholine",93690,96895.3505214368,27680.2758902598,33069.6359810626,124509.571542766,84715.3502089552,122269.869864092,165599.494962071,26091.6213758966,132254.229843364,137846.099676065,33232.5145348837,6328.92860035093,68112.7319693095,122343.789473684,81973.8738738739,148456.585692425,52769.0957072484,59804.309847584,220237.476539025
"7-Methylguanine",NA,4037.224797219,3493.74555636552,NA,612.354916067146,15713.8955820896,10780.4736317364,2329.02282853255,3540.89099909082,NA,4087.61879813572,2503.54360465116,4697.34485085707,6338.76675191816,4733.47368421053,2733.88888888889,5877.53060443764,2656.32793807178,3641.06591719814,8037.51013175129
"Androstanedione",850,1963.86152954809,1486.1932103854,2699.15518148343,607.165467625899,769.971104477612,31059.9439576009,1153.51063167537,12391.3971108193,2401.05496015389,1455.91924767792,915.101744186047,321.944661897692,206.530434782609,4520.15789473684,539.189189189189,548.209640397858,1066.1724137931,265.491730623716,469.290700362123
"Citrulline",876,276.361529548088,149.956139334937,3106.11309836928,2485.74580335731,673.210029850746,1327.81350684788,761.972573745854,247.592686129912,22976.0728222039,3475.46332595115,113.598837209302,16.5609393980294,3443.57033248082,3042.78947368421,1678.9039039039,2160.60635042081,3031.109078114,1835.46686844665,4329.0062408506
"Behenic acid",223,14519.4090382387,5436.20066356458,10183.9179379274,4785.53637090328,1986.69014925373,992.324710080285,17758.8551940025,2182.14365087383,12109.1042044518,29.1183849535583,11225.4098837209,2749.44715886084,4614.88695652174,10003,6541.30630630631,12874.8029839327,16533.8874032372,9920.20062695925,26199.7093766854
"Trehalose",748,63440.6141367323,16008.1084866776,10021.6785902157,972.156674660272,1957.35301492537,2243.71296636407,15212.959794392,23630.3262955854,23744.1050288541,4811.22739893564,22947.9360465116,3668.24807666352,9685.5652173913,5476.57894736842,997.927927927928,6686.74254016832,5269.58268824771,3341.11131769538,23830.7268664766
"DL-2-Aminooctanoic acid",5355,45789.3250289687,184862.78995524,32675.367175171,2112.97042366107,18754.1491343284,34143.4320197303,93623.844033189,89053.0356601677,55848.0039571311,115631.44950914,77599.1715116279,35113.4973680659,96246.1150895141,73259.7894736842,45068.5135135135,60380.889441469,41141.9992962702,119442.432083018,188559.399645581
"Biliverdin",219,1065.03476245655,1060.73625692349,966.185165702262,19.0279776179057,5315.68286567164,511.206695702367,4093.18914688698,4174.07414890393,15490.4308876065,1461.60904703666,1901.08139534884,547.173437710892,1149.95140664962,868,374.864864864865,4065.45141545524,821.498944405348,1611.07529996757,2301.77733261422
"gamma-Glutamylcysteine",133,1074.81170336037,1587.32642063454,315.415044713309,1037.02478017586,1785.9623880597,1217.6889332004,144.581714051953,1530.02525507627,942.862599615279,2244.12380590355,3221.06104651163,2162.19624780672,2443.17544757033,1744.10526315789,3017.74774774775,764.4013006886,539.969035890218,1264.40436709545,997.004083519531
"2-Phenylaminoadenosine",50,NA,145.887561911121,NA,1985.82893685052,2867.31886567164,528.357244057302,377.169688831183,2245.26113748864,NA,118.481704293789,134.473837209302,NA,7023.7104859335,4289.15789473684,638.468468468468,3002.57459831676,1394.32793807178,3134.07882391093,1609.10578627013
"Spermidine",30907,9232.69119351101,2961.34313919187,7160.28406102051,23607.6658673062,8878.85797014925,15443.316576586,13776.5718960933,4491.95676330942,11233.4253366309,12276.5788516841,2645.29941860465,355.397759481711,7274.64705882353,11596.0526315789,6374.41441441441,NA,3927.20900774103,9079.8171873311,24569.220124817
"N6,N6,N6-Trimethyl-L-lysine",2479,NA,152.862266066234,32414.3340347186,4365.19104716227,NA,NA,3380.15883038231,2390.4313567027,8993.4586424842,2456.98924073646,898.110465116279,714.438925630989,7956.65831202046,3290.36842105263,1171.38138138138,1425.29265493497,884.11048557354,4346.15068641228,1802.7025194545
"Pyridoxamine",2852,NA,8501.58313973689,1407.58495528669,1741.05995203837,4936.35886567164,1094.62622658341,158817.175736125,58.2402262854834,4772.33531189887,320.636928569068,895.197674418605,3557.95222027264,552.982097186701,NA,896.081081081081,219.336266258607,1329.05207600282,1727.22793211545,646.086139147854
"3-Hydroxyanthranilic acid",305,156.431054461182,105.201787672959,3043.57390846923,1601.80975219824,546.597134328358,2889.11518077347,529.833610500947,438.092736640065,497.00692497939,3825.21863947377,1585.04360465116,2732.22378188689,2124.79181585678,1050,3297.61261261261,740.292654934966,865.460239268121,968.534255756134,2422.44117420448
"Nicotinic acid",16309,8738.62977983778,7116.52313960064,18239.690689111,4662.71942446043,17321.7764179104,3178.56829511466,4662.53577240834,3140.66875441964,8093.34932673811,3749.91247149043,5034.27325581395,2692.14630854366,4042.63427109974,4697.73684210526,3467.92792792793,2406.40971690895,6059.10978184377,2360.06831693871,5324.10108637029
"N-Acetyllactosamine",117,992.68539976825,929.379328668851,1165.58548132562,NA,NA,NA,NA,682.816446105667,1197.09194833746,744.024939675404,344.68023255814,592.881630449453,475.899744245524,666.105263157895,NA,NA,NA,372.454264403848,642.267663148162
"Glucose 1-phosphate",22437,6377.82444959444,2823.59273212838,6690.78695423461,3101.56035171863,2150.8751641791,1230.02529254342,2504.58633845278,1459.44842913426,3705.03011816433,1445.87842528014,2677.34011627907,1298.37764880551,2233.71253196931,1734.89473684211,2612.35735735736,1585.92960979342,3411.66291344124,5195.21366338774,7230.28430541644
"L-Norleucine",42062,12400.4200463499,14753.2429641035,33608.0168332457,71874.7258193445,27222.2872238806,12581.2812090046,34469.7174668955,128767.705828872,199919.699532839,20900.9759032162,8465.05523255814,23744.0812525307,21859.1309462916,326027.578947368,12820.4354354354,21467.9628921194,9934.80858550317,31404.8636471733,48113.9431389167
"Acetone",271,52.143684820394,9361.21542685461,15343.8542872173,15032.967226219,9665.29904477612,6203.38342866138,8721.60004268678,7147.19466612789,22892.0931574608,10623.8594850098,17367.0290697674,9717.95923876367,10541.8496163683,9255.84210526316,8895.76576576577,6007.24560061209,10102.6608022519,5657.78194789752,6797.26912705139
"Ethenodeoxyadenosine",176,NA,NA,48.9437138348238,91592.9000799361,612.477014925373,335.789683580836,1712.5299919073,18.361450651581,NA,93.7143423792682,6.31104651162791,267.955999460116,NA,21.3684210526316,224.804804804805,9342.88638102525,658.531315974666,31911.0848989298,213.070960782803
"Guanidine",2881,1840.02027809965,NA,856.514992109416,10080.5035971223,NA,1834.20601353833,6061.65571335829,494.611576926962,2264.397142072,1373.58450401613,340.311046511628,1060.23134026184,1092.13964194373,590.210526315789,572.852852852853,NA,993.79169598874,2034.07510539401,1373.50581708914
"all-trans-Retinoic acid",435335,260554.171494786,240570.914492823,410261.6175697,383958.64108713,191622.955820896,107420.804743664,162473.027648581,108904.345893525,336519.495300907,124903.814299408,210823.421511628,90822.1789715211,149942.771355499,148786.105263158,103486.951951952,80448.1924254017,159357.02955665,78367.7979894066,112063.106248555
"2-Ethylacrylic acid",84500,2301.49188876014,4609.69822118365,3082.54760652288,167316.466826539,13134.8011940299,24059.8122474681,114982.873709392,112365.192443681,264.154218191811,2491.79742504876,7637.33720930233,24897.0538534215,6452.29565217391,7911.47368421053,11905.8108108108,24350.5183626626,23194.245601689,63594.9701437682,7843.53155096695
"17a-Ethynylestradiol",28234,12788.8904982619,10037.7617299006,10081.4986849027,12112.1726618705,8320.93773134328,6691.42183974393,4601.91921527475,5432.98110920295,13443.6174223688,6223.63641622318,6485.81395348837,4890.11418545013,9411.58772378517,7214.42105263158,6799.48948948949,4883.57306809487,10162.1639690359,5871.19645443736,8420.50327452038
"3,7-Dimethyluric acid",4004,NA,NA,NA,415.15587529976,27.7930746268657,1.80532087946686,68.698764751394,356.613799373674,NA,NA,NA,NA,953.894117647059,537.894736842105,43.3633633633634,1590.64651874522,NA,23.9963679602205,632.339625548964
"7-Methylxanthine",2148,NA,888.112329084431,4081.36191478169,521.539568345324,727.252119402985,2044.22500918298,1173.26713918557,3142.39014041822,4375.34053311349,NA,1448.14244186047,2243.01363206911,4717.94271099744,5456.31578947368,NA,3077.25899005356,1041.74947220267,892.205383201816,3497.7240157177
"Eicosapentaenoic acid",869,10043.5254924681,8779.40885524891,11838.0341925302,6757.52677857714,6700.18973134328,4076.71543264942,5675.50579384065,4300.59601979998,11996.1133827975,4483.56189468813,5923.64534883721,2628.55230125523,2278.95652173913,4726.10526315789,3756.92192192192,2247.60711553175,5460.08163265306,215.201470111339,2234.19030741968
"Imidazoleacetic acid",113,2852.25955967555,390.583432686347,NA,NA,NA,5116.27937240909,249.650413083497,230.378826144055,NA,910.367897398605,1025.78779069767,2267.52382237819,1326.31918158568,457.947368421053,1094.63963963964,410.109028309105,464.923997185081,552.682304615717,176.795438785731
"2-Pyrrolidinone",144034,6553.15758980301,5866.30741979657,10081.4986849027,54119.0279776179,12469.3114626866,5684.65456262791,14326.1620141044,4907.95837963431,91554.6305028854,7084.13489571282,5802.27906976744,9274.12606289648,48501.5570332481,5041.10526315789,26345.2402402402,15160.9315225708,18195.0914848698,15366.8655929089,14973.7717851915
"3-Indolebutyric acid",1384,2716.03418308227,3653.58252658687,100447.002630195,627.058353317346,458.071044776119,2178.42052789001,2222.15808336372,11439.7575512678,1573.4735366859,9466.15266254586,10618.5784883721,13978.0952895128,8366.36777493606,4372.05263157895,5701.996996997,12892.6224177506,3379.69106263195,6234.20533996325,27613.3091917713
"1,3,7-Trimethyluric acid",2850,1239.06431054461,24.4114645428967,66294.2603892688,659.92486011191,36.0280597014925,1023.61693865771,613.349755884995,1198.94534801495,9.16141797197032,639.265692658579,919.470930232558,2143.64799568093,244.652685421995,367.315789473684,327.222222222222,101.675592960979,66.1639690358902,130.958901740352,92.788966792511
"N8-Acetylspermidine",7971,8048.37775202781,209.2411246534,59424.9195160442,17190.9128697042,12158.4407761194,11933.4719000892,15996.9339333197,13035.7692696232,15191.1579005221,9496.94451789905,7966.96802325581,246.426778242678,34865.1023017903,61408.7894736842,8108.37837837838,20708.0164498852,2530.66080225194,9385.6432385688,2218.91640342091
"2-Phenylglycine",655,580.750289687138,2609.7018047049,583.699105733824,520.674660271782,NA,1066.04197932518,48169.5083906196,NA,NA,811.633143820448,NA,1377.20772034013,1163.77595907928,627.421052631579,NA,400.675210405509,1341.48557353976,NA,926.362277525233
"3,4-Dimethylbenzoic acid",3391,1882.38702201622,1936.64285373647,2788.88532351394,2881.00879296563,1541.48626865672,905.97019467912,1573.33641626722,894.260026265279,2481.21736740863,1251.42116484316,2145.75581395349,1352.03509245512,1555.8905370844,1442.73684210526,1009.33933933934,1042.17482785004,1861.02814919071,1005.0393687169,1476.60466908082
"7,8-Dihydroneopterin",NA,5588.49942062572,316.767813711397,NA,105.518784972022,542.479641791045,1710.8424201081,236.629078588135,711.219315082331,NA,9327.92400753644,3470.10465116279,4195.54838709677,7517.62404092072,4157.63157894737,5937.35735735736,3213.00114766641,3308.64250527797,575.657550535077,1693.87595346329
"Terephthalic acid",17857,11354.939165701,7600.10262768849,28652.0126249342,68274.1135091926,56678.3141492537,10335.1611481345,7156.79484557169,11301.7597737145,245698.541687277,12575.460665058,5249.81976744186,15004.5423134026,18346.4378516624,15887.7894736842,6957.82282282282,15395.9908186687,5363.72202674173,9537.79042265701,27218.8606210032
"Nandrolone",4593,3167.07705677868,2083.11164099385,2233.28353498159,1117.46123101519,957.831701492537,1553.47861678124,937.536083666083,849.503990302051,2184.99818631492,1693.88673850527,1143.27034883721,1419.93494398704,2926.19693094629,1664.15789473684,1082.65765765766,1302.91507268554,2562.18859957776,1036.94943249378,1365.86886508976
"Cortisone",3830,2879.63499420626,2532.98005899866,3801.29510783798,2834.3037569944,13872.3470447761,5982.23162092669,3647.3206933044,5274.32669966663,3166.79681231107,2817.45476481671,1792.33720930233,881.041975975165,934.204603580563,1207.31578947368,2195.84084084084,534.84506503443,1430.74032371569,581.27372175981,1512.11649587796
"Methylimidazoleacetic acid",38956,28259.9217844728,100374.129946928,11156.4476591268,62502.5819344524,28863.6226865672,24188.89269035,15503.9192686332,4445.19244368118,7497.09370706238,7675.20464086206,6073.16860465116,34680.5944122014,1926.22097186701,11034.2105263158,29047.1771771772,1958.56541698546,15159.0978184377,3190.49581666847,7691.93805377918
"Palmitoleic acid",222075,92225.2317497103,84001.5931681462,99624.9295107838,98908.2925659472,72371.1075820895,44826.7192107887,61022.9125721451,42969.8110920295,96942.3077219016,44339.937014511,65510.6046511628,44192.2043460656,63424.1140664962,60318.6315789474,46701.4864864865,40523.226855394,65530.7487684729,41857.5794184413,56370.2519454503
"Nicotinuric acid",1386,NA,781.748090718953,8093.84008416623,2603.37330135891,1268.18770149254,7557.67497507477,2702.60042508915,4462.9800989999,1213.88788128607,1622.93159356097,NA,5720.81090565528,712.59283887468,615.263157894737,4977.08708708709,2714.05700076511,2396.55665024631,3065.66364717328,2934.49880576316
"1-Methyladenosine",55,1570.82850521437,183.085984071725,13396.0757496055,NA,358.221850746269,NA,220.913674886836,9046.17032023437,105.356306677659,1681.50305754801,2464.70639534884,2035.67067080578,1572.64757033248,1309.73684210526,2256.32132132132,1438.65723029839,3978.2751583392,3937.44658955789,4138.46428846598
"Symmetric dimethylarginine",2662,18941.8453070684,1723.91437700551,101926.190426092,11401.2182254197,4322.33779104478,3524.28724353256,16867.1182868374,16994.9570663703,17502.8890354493,1754.8010610518,9379.18604651163,2936.58577405858,3211.06649616368,5801.8947368421,2537.8978978979,2034.56006120888,3219.38775510204,12873.0302886174,3635.57099930657
"5-Aminopentanoic acid",83900,3980.51853997683,56138.8125191609,4808.26670173593,68262.8697042366,12688.0532537313,3450.56997428766,57587.5253230411,6378.8827154258,88774.9035998901,16385.6180709351,11128.8023255814,53180.81981374,10569.9176470588,11816.7368421053,52061.4264264264,8389.28462127008,33437.227304715,16700.1956977624,17915.525695354
"Pyrimidine",10214,NA,NA,NA,18374.9720223821,3106.13343283582,567.773416592328,4701.1507643601,1018.77361349631,NA,84.3429081413414,NA,NA,94.2583120204604,1063.63157894737,113.258258258258,177.932287681714,NA,81.1792022484056,108.062870791278
"Diacetyl",NA,2757.74913093859,229.002786426221,855.608627038401,NA,2875.0391641791,136.301726399748,1179.10428913177,1106.27740175775,NA,894.637275642085,181.563953488372,108.970981239034,293.248081841432,586.894736842105,99.5645645645646,316.557000765111,386.770584095707,NA,116.845365590569
"D-Proline",69184,12925.1158748552,16615.4889735187,2240.53445554971,12206.4476418865,10636.5125970149,7965.97838064753,5579.41732549557,9777.47247196686,256095.224182468,13310.1141704955,6138.70639534884,11894.3978944527,12075.537084399,2434.15789473684,6723.6036036036,5452.7467482785,6064.43842364532,5963.0974381148,22903.9827413514
"L-Histidinol",192861,10770.2780996524,30424.8219752969,6824.92898474487,393633.502797762,62634.2671044776,16327.3220338983,99335.7197613098,19874.5489443378,3010.28925528991,2390.38511883119,2776.375,8902.82980159266,8109.98516624041,17722.1578947368,8032.20720720721,3618.65531752104,5156.34904996481,3365.87352718625,4999.14877879652
"4-Guanidinobutanoic acid",714144,4100.44901506373,493.460318974268,17385.8947922146,475500.511590727,126088.429910448,23988.2011859159,78097.9231993739,34024.9156480453,62216.7163506458,5211.85621260701,5911.50872093023,9057.84019435821,44975.0393861893,25090.5789473684,27381.966966967,485116.266258608,51970.2434904996,71320.7795049184,123765.971492411
"4-Acetamidobutanoic acid",100973,310.906720741599,1714.0335461191,8126.46922672278,52255.1510791367,13874.4057910448,2643.59154116598,6288.40653819133,4676.43196282453,4798.29266281946,501.037037649159,206.322674418605,601.824537724389,2290.26751918159,1692.15789473684,1270.66066066066,38545.5317521041,2131.90077410274,3241.80719922171,4828.08105401032
"Gamma-Caprolactone",4349,1483.48783314021,1022.37538407036,NA,765.443645083933,1035.54937313433,951.704990292281,487.177514740278,3758.35943024548,14690.3337180544,3435.96942451988,1831.65988372093,4214.09663922257,12607.5728900256,7581,16529.1441441441,1401.70811017598,1690.06755805771,2440.22639714625,3353.38562292935
"5-Methoxytryptamine",10993,144.046929316338,74.3968443212089,NA,448.022382094324,785.411701492537,615.915306711445,187.686821346946,12399.4302454793,NA,707.208590883549,1702.5261627907,1081.76056147928,1337.63017902813,4706.21052631579,1051.56156156156,242.396710022953,79.0415200562984,901.90604258999,NA
"Enterolactone",13893,95750.144843569,126376.989487883,799.413992635455,11325.106314948,25364.2687164179,106253.363908275,28851.6851494482,91894.4701484998,1966.65105798296,18111.3007470334,14464.4331395349,55540.4224591713,14426.1299232737,12079.7894736842,39871.7567567568,58093.7127008416,87388.3933849402,12164.8821532807,18776.2101856846
"Phenylacetaldehyde",59560,9820.61123986095,6655.03021467064,31973.8406102052,50732.9128697042,42716.411641791,7848.93341029543,27518.5699040437,8230.8071522376,280186.699642759,8513.61331107659,3639.04651162791,10266.7887704144,12021.4956521739,10873.5789473684,4929.15915915916,10204.246365723,8560.46305418719,6731.49177386229,21867.2665074351
"beta-Tocopherol",NA,4305.11297798378,2691.65457852749,275.534981588638,NA,528.068417910448,2169.99569711917,1142.2853433173,2504.32973027579,609.234295136026,521.118682444716,534.497093023256,1332.82440275341,715.944245524297,531.631578947368,2274.00900900901,995.005738332058,3774.89866291344,2935.47058696357,840.446567532167
"Stearidonic acid",1542,181282.734646582,38341.6924166968,1423.89952656497,1032.70023980815,27920.2022089552,131407.501495513,42162.6320844487,37878.8120012122,38254.2641934597,16911.7571645787,16630.5784883721,6220.95127547577,2225.33401534527,13126.1052631579,102885.285285285,127175.988905891,275409.519352569,40884.194832991,6631.92911626474
"LysoPE(16:0/0:0)",7863,49447.8563151796,33101.3646948216,801.226722777486,2027.3445243805,3941.98441791045,26978.4143359395,24520.0708778358,2776.59561571876,13383.3047540533,20624.5185931974,63562.4331395349,12286.2297206101,44417.0301790281,17554.1578947368,95462.1621621622,9703.20581484315,14816.2885292048,128827.564760566,29491.6175360197
"MG(0:0/16:0/0:0)",22059,12481.2427578216,12927.6141515026,5504.35507627564,14474.2366107114,8121.75402985075,6856.3078134019,9167.01948473503,12772.684109506,10341.7139873592,8460.06225828843,10628.2877906977,7382.86678364152,9204.21943734015,17126.7894736842,6662.83783783784,5667.36610558531,9269.1724137931,7014.08729867041,15092.9082363818
"3-Methyladenine",584,16035.4866743917,823.596315649633,14788.2524986849,107170.759392486,1740.66997014925,926.1296111665,8654.24831253835,53.6498636225881,NA,1079.72310184114,209.235465116279,545.517343771089,635.929411764706,236.894736842105,1353.39339339339,86.738714613619,379.66572836031,NA,12093.4953386239
"4-Hydroxybenzaldehyde",NA,389.774044032445,772.448485178801,NA,NA,608.35952238806,629.455213307446,384.353873380348,441.535508637236,NA,1192.18031269626,1558.34302325581,475.298960723444,3010.81994884911,690.789473684211,1789.30930930931,646.47857689365,1210.48979591837,771.712982380283,1179.5272363048
"Phenylethylamine",804,1485.44322132097,763.14887963865,2064.69963177275,783.606714628297,11839.3351044776,523.242168232146,NA,698.8827154258,5509.06600714482,386.236968234555,825.290697674419,377.920637063031,171.340664961637,566.263157894737,651.021021021021,816.811400153022,1196.28008444757,269.065657766728,443.325063564219
"N-Acetylhistamine",3223,5412.5144843569,38459.0999366412,15165.3003682272,10168.7242206235,2625.41617910448,9470.41244686992,3070.78988323388,3842.99424184261,4358.54460016488,5971.94646811886,2026.33139534884,4975.89985153192,3214.4179028133,83342.7368421053,8746.56156156156,20758.5921958684,6572.43560872625,70355.8191763053,10652.0206487403
"Alpha-Linolenoyl ethanolamide",903,846.031286210892,NA,1602.45344555497,2184.75779376499,255.284537313433,2364.97035210159,1309.76664561971,11296.0218203859,2080.40533113493,154.963359005718,1517.56395348837,NA,1034.32787723785,357,763.423423423424,1560.24866105585,NA,571.062501351205,96.2255951922336
"Palmitoleoylethanolamde",3192,17089.4409038239,7064.79408378354,11479.1136244082,34653.4068745004,4572.99014925373,5406.33426037676,12174.9477531637,4757.62400242449,7183.3151415224,4347.00671007834,4376.95348837209,7089.07571872048,3048.52327365729,4772.8947368421,12929.984984985,9251.69280795715,12268.3096410978,6224.24940006486,2299.86809461438
"1,3,5-Trihydroxybenzene",823,5492.68539976825,515.546882132127,1118.45449763282,124.546762589928,518.804059701493,1187.29936506271,10032.7137229095,7199.41004141832,1142.12344050563,1827.76437047566,6299.88081395349,1867.08030773384,6035.46445012788,3970.47368421053,1119.45945945946,1690.74980872226,2480.03870513723,2063.43236406875,8957.76284767702
"N-Acetyltryptophan",4768,185.110081112399,436.500235040843,723711.662809048,4123.01678657074,2213.66692537313,137.505273652726,175.563509920229,905.162137589655,5438.06501786205,1508.46621822629,3293.39534883721,216.617087326225,658.132480818414,287.368421052632,786.816816816817,1491.06732976282,226.467276565799,4507.74324937845,54.6042067955929
"Norvaline",29693,9288.74565469293,18546.3195737926,23193.8821672804,79376.0735411671,54163.0408955224,9307.03090727817,37218.5660800199,8289.62117385594,165765.169881836,16216.2628664926,9169.46511627907,28309.9322445674,16758.2900255754,12544.3684210526,16186.8018018018,11327.9188982402,12872.2223786066,8135.02401902497,26664.0360582479
"Diisobutyl phthalate",1023697,644059.892815759,691885.421159126,1000208.29773803,848034.581934452,533204.475164179,304696.642073779,518401.776837088,312784.442873017,809571.602638087,345193.433213235,563452.174418605,359226.979889324,443482.006649616,384650.368421053,306905.345345345,299128.808339709,489103.597466573,266176.648232623,407304.997611526
"Mesalazine",6325,3202.27404403245,2062.18752852851,14902.4544976328,1402.88089528377,12227.4087761194,4496.15165031222,11649.604258006,6662.62450752601,1145.94069799395,8297.73562952434,8383.49709302326,9183.37211499528,10034.1115089514,3156.26315789474,8438.16816816817,2843.24789594491,7868.62772695285,8995.82989947033,14357.8516064412
"Prednisolone",2426,1356.3876013905,7080.48716813255,349.856917411888,6982.40287769784,4671.80997014925,9819.44115023351,NA,11431.4375189413,2499.54020335257,1405.3804416091,5657.125,8509.67310028344,833.24347826087,NA,3972.5975975976,NA,6270.47923997185,736.739552480813,3620.2970953078
"Alanylisoleucine",255,2623.47914252607,454.518220774885,2532.38400841662,1010.21262989608,1234.2183880597,2099.28729600672,762.870596814499,718.104859076674,11127.3055784556,1102.81699335603,376.720930232558,603.149412876232,1334.69769820972,4609.68421052632,512.087087087087,1935.24292272379,350.358198451795,463.844687060858,1659.12782186609
"Alanylvaline",468,2264.33951332561,1691.94698296124,1129.33087848501,929.776179056754,1106.06143283582,3923.86493152123,990.070433181855,1567.89574704516,4104.3152514427,2318.09119756718,1077.24709302326,1332.49318396545,4126.00051150895,5705,1238.70870870871,2485.02486610559,1529.32019704433,1974.08418549346,2622.52931658833
"Isoleucyl-Aspartate",574,1011.58748551564,1118.27756620317,2561.38769068911,978.21103117506,1205.91062686567,525.047489111613,1055.17710565867,698.8827154258,1854.42368782633,810.62906158067,1494.26162790698,819.104062626535,544.60358056266,971.157894736842,433.063063063063,947.574598316756,1226.91977480647,127.384974597341,690.380460744279
"Isoleucyl-Glutamine",304,3285.70393974508,1043.2994965357,2129.05155181483,235.254996003197,284.621671641791,1619.97460250826,380.312769571443,5600.81624406506,235.143061280572,13639.4531451426,22861.523255814,23267.1261978675,21185.0792838875,5081.26315789474,8605.34534534535,3886.73297628156,5756.70935960591,1357.32647281375,11166.7512134987
"Isoleucyl-Isoleucine",354,1013.54287369641,1083.98527077386,1072.22987901105,747.280575539568,596.521731343284,1211.97208374875,582.367960016719,693.144762097181,1237.55487771366,1363.20898753843,826.261627906977,1245.38264273181,3404.61023017903,7162.84210526316,1238.70870870871,3667.65876052028,416.078114004222,1628.94493568263,2531.2677401957
"Leucylleucine",631,1336.1819235226,1841.90312229618,2290.38453445555,1266.22541966427,1025.25564179104,1219.49425407987,884.103711081665,1140.13132639661,841.323550425941,1749.78064985291,861.700581395349,1904.17681198542,4018.33657289003,9232.26315789474,1244.98498498498,2319.67100229533,603.468684025334,1656.51523078586,1231.84035750058
"Piperine",277,13126.5208574739,645.160134347983,72.5092056812204,NA,NA,19950.9019258015,3477.14532179605,8557.00979896959,NA,1029.85368393217,8854.39825581395,1445.77000944797,2483.39232736573,3354.84210526316,113.258258258258,46092.3240244835,9647.50598170303,8718.85054588693,27.8748747977502
"Indole-3-carboxaldehyde",8151,347.407300115875,13617.5286375125,3592.83114150447,4212.96722621902,5158.70346268657,1545.95644645012,1361.40297206684,12596.8158399838,3508.05963176697,1100.80882887647,618.968023255814,6210.02105547307,717.201023017903,682.684210526316,444.474474474475,975.3519510329,251.778325123153,1199.05255648038,500.220355959627
"Methyl nicotinate",1573,1164.75955967555,1077.01056661875,NA,1192.70823341327,901.730865671642,465.772786902451,460.236822680907,525.883422567936,NA,473.926817175156,559.741279069768,630.971791064921,12.9867007672634,569.947368421053,471.291291291291,371.587605202754,525.315270935961,415.341390119987,495.638184759997
"beta-D-Glucosamine",130,494.061413673233,4256.31321065791,11253.4287217254,357.207034372502,1785.9623880597,4321.63729863042,24343.6093448469,119.923224568138,1102.4239626271,5067.60306415893,1005.39825581395,2712.0194358213,4769.47058823529,341.157894736842,1689.17417417417,799.254016832441,856.135116115412,2667.17077072749,22138.7601510132
"(E)-Piperolein A",3147,2121.59617612978,2431.84684874951,2776.19621251973,2843.81774580336,1821.99044776119,818.111245211733,1395.9768602097,632.322456813819,2617.87518549052,977.976101543649,2156.92151162791,1935.31137805372,1605.32378516624,1283.57894736842,907.777777777778,1969.04743687835,1601.7009148487,914.414787590531,3277.39795053548
"(S)-Laudanosine",NA,1315.97624565469,594.012303877152,39122.3419253025,NA,5670.30191044776,3588.67702156688,11882.1922327852,4496.26022830589,16526.4345699368,330.008362806994,2951.14244186047,7344.77662302605,1511.06547314578,957.157894736842,2853.13813813814,18177.3947972456,1434.29275158339,6171.40633445033,6946.57153863934
"Hydrocinchonine",3235,5653.02723059096,7272.29153239817,6076.27143608627,10915.1398880895,4346.01337313433,3024.51424673348,4303.77555648439,12416.6441054652,6049.58966749107,2873.34867616435,3239.99418604651,5146.47752733162,4035.93145780051,3140.05263157895,2790.09009009009,2802.10596786534,25260.4264602393,8467.14396281483,2732.11957777949
"(S)-2-Propylpiperidine",91163,1186.26882966396,1174.07519944408,7502.89005786428,59467.6195043965,26742.0846567164,6884.89206066013,10394.6170195737,6479.0100010102,7687.19312998076,2289.30750669355,1245.21802325581,1407.6798488325,8365.52992327366,6438.52631578947,3233.13813813814,61167.3029839327,5600.40253342716,9635.81813857961,13876.72363048
"Harmine",129,817.352259559676,1695.4343350388,NA,NA,2013.45385074627,1456.59306291651,842.345638389641,381.860794019598,225.218191810937,2177.18498991836,2534.61337209302,NA,3804.26547314578,988.842105263158,1569.92492492493,1882.30872226473,1355.25123152709,555.235109717868,1174.94506510517
"2(3H)-Benzothiazolethione",928,584.009269988412,727.112908170565,832.949500263019,590.732214228617,464.761970149254,424.551293487957,637.596378738428,376.983533690272,698.558120362737,525.135011403828,732.081395348837,637.596166824133,2588.12378516624,973.368421052632,1719.12912912913,1461.19357306809,2151.88318085855,1403.02168414225,1713.73202866168
"2-Ethoxyethanol",3630,1447.63904982619,879.975174236799,3079.82851130984,5985.16386890488,3569.86602985075,664.358083643805,2527.48592670325,2157.75734922719,8701.05671887881,1196.19664165537,1030.15697674419,1671.66122283709,1838.24654731458,1785,842.162162162162,1538.49846977812,1049.742434905,956.536071776024,2067.70475383311
"Cyclamic acid",179,216.396292004635,2398.13577866647,NA,4856.45883293365,405.058328358209,498.268562732854,327.778420055671,81.4789372663905,145.055784556197,247.673619145209,260.209302325581,211.317586718855,160.867519181586,78.8421052631579,142.357357357357,115.826319816373,140.764954257565,144.744049291968,97.7529855921103
"Pyrrolidine",49136,7332.7056778679,9050.84109195207,11038.6201998948,56219.8896882494,41815.7101492537,7497.79849923912,21592.9646855852,4984.56005657137,99624.3128331959,9991.95706210954,5706.64244186047,14193.0562828992,41008.2306905371,12601.8421052632,13078.6186186186,9656.56082631982,14194.169598874,15431.1962814831,16431.6659218738
"4'-Methoxyacetophenone",118,5370.79953650058,5537.33387381373,14376.762756444,2508.23341326938,2520.93480597015,2494.35168179672,3358.15726520049,2576.91483988282,6804.64319868096,1810.36027831951,2400.625,1283.47280334728,1043.5442455243,3161.78947368421,694.954954954955,2228.21537872992,3567.52568613652,4510.04077397038,1588.48601587179
"Jasmonic acid",88,1055.25782155272,816.621611494519,528.410836401894,2324.00799360512,2383.51349253731,1370.84032114184,1431.89778295553,1252.59521163754,3896.65644407804,1105.49454599544,1540.38081395349,1043.67040086381,54.879283887468,1188.89473684211,301.261261261261,1288.50229533282,348.581984517945,35.2287104096854,13.3646659989213
"beta-Solanine",5073,10839.3684820394,3052.01429320834,4856.30405049974,11341.5395683453,2263.0768358209,2319.53644330167,2864.24457744537,1392.88817052227,2888.90046716131,1323.04569794731,2582.18895348837,1941.93575381293,2415.9452685422,2026.68421052632,2098.27327327327,1559.72456006121,1847.70654468684,1280.23175872879,3400.73472532553
"Soyasapogenol C",912,4230.80822711472,3707.05525844274,2959.28195686481,2068.86011191047,1192.01408955224,5663.89337251404,4789.6060366217,2252.43357914941,1768.15366859027,4369.7659075133,7432.47093023256,3871.61641247132,1876.78772378517,8221.68421052631,4689.51951951952,31985.097551645,6064.43842364532,37581.1203113177,30864.3596579089
"Paullinic acid",1037313,485078.3603708,358291.133673518,378366.630720673,288833.456434852,303781.393791045,317698.563047699,226729.721290919,234185.384382261,337756.286727123,282053.395035203,295035.598837209,203240.485355649,399695.040920716,329167.631578947,286912.837837838,227117.855776588,457949.249120338,292443.736331207,317503.606441174
"(-)-Menthone",2266,2203.7224797219,4656.77747423067,4818.2367175171,3986.36131095124,1703.09785074627,748.907278165503,1781.22875665869,1198.37155268209,3681.36312173674,1191.51092453641,1653.00872093023,814.466999595087,1933.34271099744,1253.73684210526,1286.63663663664,1075.97934200459,1932.52076002815,1054.56378769863,2888.67709376685
"Salsolinol",NA,1869.35110081112,770.123583793764,15980.12256707,NA,NA,392.356404470798,NA,1391.74057985655,460.361253091509,604.122814266354,1553.00290697674,578.639222567148,1637.5810741688,1322.26315789474,360.315315315315,482.434965570008,845.921885995778,683.896486866285,674.724709145543
"Isonicotinic acid",NA,16604.5046349942,2635.85694528658,1580.7006838506,NA,5127.82226865672,6566.25292543422,4203.19697279607,6091.41125366199,993.250398461116,14567.2251346974,13239.6046511628,6732.35308408692,25875.7918158568,10035.7894736842,9249.80480480481,5511.70811017597,5992.94581280788,9956.96102043022,21467.4720702674
"DOPA",NA,21895.1332560834,NA,NA,9354.84572342126,8633.35247761194,13520.0480663273,1602.07315446388,4072.51237498737,20976.5933498214,2159.78089776221,NA,44001.7535429883,16166.7667519182,NA,NA,3322.01415455241,2966.2772695285,5463.76876013404,NA
"Flavin mononucleotide",12,354.577056778679,233.071363850037,5392.87217254077,NA,708.723402985075,295.771737419321,1147.67348172917,1122.91746641075,37.4091233855455,189024.506131623,1214.14825581395,539.555405587799,1151.20818414322,135572.684210526,529.204204204204,1268.32440703902,2305.52568613652,1389.74709761107,1684.71161106403
"p-Synephrine",35490,264.629200463499,1775.6434328226,926.305102577591,3290.1103117506,3647.06901492537,537.985622081125,2885.79713109287,485.143953934741,NA,NA,585.470930232558,NA,256.801534526854,648.421052631579,143.498498498499,2895.39594491201,NA,2363.64224408172,1611.77871946991
"Cyromazine",5142,NA,NA,145.924776433456,1162.43645083933,793.132,227.470430812825,521.751402883136,142.588140216183,316.83237153064,NA,166.514534883721,NA,235.855242966752,143.315789473684,NA,654.340091813313,238.01266713582,500.860361042049,334.498497573003
"Octanol",135400,1038.3111239861,327.811095290327,3544.79379274066,18597.2533972822,NA,NA,2669.82258308359,11382.9518133145,5651.83143720802,925.094436915347,1063.16860465116,472.98042920772,4644.63069053708,6136.05263157895,452.747747747748,136332.557383321,1051.96270232231,15283.1335855583,553.679019955312
"N-Acetylputrescine",136202,1853.05619930475,348.735207755667,3544.79379274066,18720.070343725,NA,NA,2669.82258308359,11256.7168400849,12078.5661445452,951.869963309424,1090.35465116279,473.974085571602,4676.05012787724,6105.84210526316,444.474474474475,134541.704284621,1062.6199859254,15195.3170900443,598.355189151707
"N-Acetyl-Leu",36320,6353.70799536501,NA,41.6927932667017,31367.6211031175,2881.21540298507,10294.2405415333,2698.11030974592,2689.95252045661,723.752019785655,4078.58205797772,1178.2238372093,5325.99811040626,4041.37749360614,1083.89473684211,8880.36036036036,127891.648814078,19718.1949331457,10770.2847259756,12641.8284921797
"Phytosphingosine-1-P",49,18276.3615295481,685.845908586144,NA,48.4348521183054,2230.65158208955,806.677546308443,946.067302818217,63145.6025861198,34.3553173948887,1434.83352064258,1494.26162790698,37124.6578485626,1312.91355498721,549367.736842105,3550.66066066066,108468.990053558,7346.42083040113,84013.8370338342,371767.205177595
"Stanozolol",197,68386.4426419467,720.719429361711,NA,NA,8914.37134328358,29881.9720837488,26510.9880210232,4800.3717547227,NA,28619.0213863088,6529.50581395349,872.761506276151,3138.17340153453,3335.31578947368,4579.11411411411,483.483167559296,4136.80225193526,6321.2559939466,14836.6884968025
"Leucyl-Valine",313,3841.03418308227,3024.69670193415,19974.4734350342,864.908073541167,3913.16197014925,5282.97066694653,3225.69886257526,3918.44832811395,7128.34663369057,3777.02269196443,2931.7238372093,3851.74328519368,13538.4260869565,15058.1052631579,5064.95495495496,3885.16067329763,1468.92892329346,4363.25448059669,3901.33692888512
"Cinchonidine",87,7467.62746234067,827.083667727189,NA,NA,2288.8111641791,471.188749540851,1958.13930118189,NA,NA,1061.98431560506,261.665697674419,780.351464435146,468.359079283887,680.105263157895,1359.0990990991,12977.0026778883,1135.00070372977,576.933953086153,2926.4800061638
"Gulonic acid",250,NA,3973.83769237582,219.340347185692,191.144684252598,NA,1196.32596946004,359.209227458269,2357.72502272957,417.607969222314,384.228803754999,461.191860465116,497.159400728843,645.564705882353,1226.10526315789,265.885885885886,737.672149961744,676.737508796622,838.085915036212,605.228445951152
"11b-Hydroxyandrost-4-ene-3,17-dione",233,157.734646581692,3384.47519126874,214.808521830615,355.47721822542,NA,78824.8228997219,346.63690449723,92666.5117688655,NA,842.09030509371,2484.125,5134.22243217708,206.111508951407,24215.2105263158,329.504504504504,3764.61744452946,38205.4736101337,1346.60469138472,279.130595577471
"Oleoylethanolamide",3910,1782.01042873696,2330.13241315411,1793.69647553919,1584.51159072742,10625.7041791045,12184.4115023351,25416.2979003442,187247.491665825,17482.2758450124,3946.71259048689,10629.2587209302,8992.25887434202,22033.8230179028,5266.57894736842,3748.93393393393,179471.834353481,11516.5270935961,50061.7844557345,7863.76947376531
"3-Nitrotyrosine",75,NA,152.281040719974,290.036822724882,58.8137490007994,NA,163.381539591751,NA,207.71391049601,NA,1659.4132482729,911.703488372093,3637.44472938318,5512.64501278772,488.526315789474,2722.19219219219,158.8026013772,1544.41801548205,1177.09843260188,690.380460744279
"Deoxycholic acid glycine conjugate",23,108.198146002318,359.197263988337,35.3482377695949,36.326139088729,272.269194029851,307.205436322611,1022.84827518742,244.723709465603,3220.23841714757,1035.54348329091,770.918604651163,3799.41071669591,1205.66854219949,114.210526315789,434.774774774775,4519.84697781178,175.845179451091,1105.87517025186,1347.54018029124
"Butyrylcarnitine",NA,838.861529548088,1143.27025609233,42406.1025775907,501.646682653877,3666.11241791045,1507.74382116807,1854.41763675332,1713.63976159208,1457.42890904095,551.910537797904,398.566860465116,632.959103792685,2082.06138107417,2196.15789473684,652.162162162162,602.192042846213,164.29978888107,536.089071451735,520.458278757994
"Glycyl-Isoleucine",3607,46.2775202780997,49.4041544320528,NA,185.955235811351,317.046925373134,368.887233037729,38.6149919517639,4468.14425699566,NA,677.086123690213,1693.3023255814,1084.07909299501,9077.70383631714,4787.63157894737,1060.40540540541,647.526778882938,745.565798733286,2149.20661550103,NA
"Cyclohexylamine",18561,7138.47045191194,6800.3365512355,10109.5960021042,19119.657873701,5559.64429850746,3400.62276328908,5952.99492205217,2020.33336700677,8822.44550700742,3796.76964268006,4996.40697674419,3730.18599001215,4026.29616368286,3568.8947368421,2832.02702702703,2708.55394032135,3952.07600281492,2261.01947897525,3205.99244934124
"Betulin",NA,67.7867902665122,374.890348337342,NA,NA,68.968,295.169963792832,147.724794792213,243.86301646631,NA,114.130681254752,439.345930232558,212.973680658658,748.620460358056,NA,918.048048048048,310.529839326702,495.563687543983,2249.78713652578,NA
"4-Pyridoxic acid",NA,254.852259559676,1357.74240886206,10282.7117306681,215.362110311751,2319.69235820896,902.961326546676,289.163428103907,279.438327103748,4633.38713932399,385.232885994777,NA,929.731137805372,956.407672634271,NA,146.066066066066,267.291507268554,160.303307529909,532.004583288293,725.128592341475
"L-Dihydroorotic acid",NA,NA,410.345094459168,NA,597.651478816946,303.665074626866,216.036731909535,809.567796384074,1116.31882008284,497.770376477054,335.698162165736,NA,197.737616412471,329.275703324808,296.947368421053,322.657657657658,137.052410099464,531.976073187896,281.319122257053,1216.94830110178
"Isomaltose",123,10888.2531865585,NA,281.879537085744,NA,NA,2214.8278322926,1745.30783391287,3033.36902717446,474.103380049464,3447.34902323737,220.886627906977,106.652449723309,228.733503836317,NA,700.945945945946,NA,270.872624912034,309.655258890931,2383.11087140766
"Cer(d18:1/16:0)",368,297.219003476246,11579.7525735269,3561.10836401894,11898.5403677058,319.620358208955,346.922495670882,2359.10660133218,44524.5095464188,11146.3918658972,259.053217862691,244.674418604651,6724.40383317587,1510.64654731458,14541.2105263158,20929.6696696697,4912.66067329763,59332.206192822,45755.4575289158,7375.7682410047
"Oxoadipic acid",2636,NA,750.943147367202,2100.95423461336,2421.74260591527,372.118388059701,1504.43406622239,496.157745426734,378.131124355995,NA,1107.50271047499,1152.00872093023,1578.58874342016,1891.86905370844,1024.57894736842,4230.4954954955,1973.76434583015,1622.12737508797,3183.60324289266,3215.1567917405
"Estrone",182,166.207995365006,NA,118.733824302998,213.632294164668,101.907940298507,NA,104.170675962898,NA,NA,105.093941096751,138.357558139535,84.1295721419895,214.490025575448,205.210526315789,90.1501501501502,115.564269319051,NA,127.640255107556,NA
"Corticosterone",113,288.745654692932,2768.95754957999,4803.73487638085,297.528377298161,1687.65725373134,562.357453953928,65334.7703362473,56633.59935347,53372.1307502061,110.449046375566,744.703488372093,1068.1805911729,726.83631713555,2070.52631578947,952.567567567568,29185.6120887529,1403.65306122449,2076.70695059994,534.204792356884
"Hydroxyacetone",NA,NA,NA,248.34402945818,4848.67466027178,39.6308656716418,419.737104476046,358.760215923946,164.105465198505,337.445561967573,53.8857468680792,134.959302325581,123.5446079093,348.1273657289,412.631578947368,56.4864864864865,NA,NA,46.7163333693655,NA
"L-Cystine",151,648.53707995365,984.014511217239,48.9437138348238,147.89928057554,138.450686567164,193.771107729443,236.180067053812,1222.47095666229,5671.68117614729,869.535219647638,542.264534883721,923.10676204616,1452.8347826087,3687.8947368421,NA,1100.08798775822,NA,1120.93672035456,1055.80861391479
"DL-Homocystine",901,1282.08285052144,920.0797231287,573.729089952656,1017.13189448441,610.418268656716,790.730545206486,246.058320808914,537.933124558036,138.948172574883,NA,2523.93313953488,694.234579565393,1877.62557544757,538.263157894737,1200.48048048048,367.656847742923,518.210415200563,11175.414895687,1001.96810231913
"Creatinine",7524,2058.37195828505,1654.16733545438,609338.360862704,3618.77537969624,6658.50011940299,1206.8570079236,1359.60692592955,40041.7335084352,95174.917504809,908.025038839123,1504.94186046512,1056.58793359428,1098.42352941176,867.263157894737,748.303303303303,4663.97475133894,1328.16396903589,144342.23776889,25276.7837275599
"5'-Methylthioadenosine",34,NA,1612.3191105237,774.035770647028,NA,1073.12149253731,NA,NA,407.968481664815,574.115526243473,NA,389.343023255814,NA,1338.88695652174,1144.31578947368,438.483483483483,888.613236419281,NA,1817.85251324181,1053.51752831497
"Aminoadipic acid",NA,NA,11.6245069251889,355.29510783798,35.4612310151878,123.524776119403,NA,453.501649666065,110.455601575917,NA,6080.38735001487,NA,988.356863274396,1164.61381074169,NA,3670.76576576577,NA,210.925404644616,NA,228.726712381539
"Cortexolone",NA,671.349942062572,1668.69796911086,7937.03892688059,435.048760991207,1410.24119402985,419.436217662801,NA,NA,105.356306677659,907.355650679272,290.308139534884,305.714941287623,111.853196930946,38.3157894736842,102.702702702703,NA,NA,NA,NA
"N-Acetyl-L-tyrosine",NA,1506.30069524913,2079.04306357003,284.59863229879,NA,503.878149253731,NA,NA,1275.54702495202,269.49837867546,1045.58430568869,395.168604651163,2008.84194898097,1754.04245524297,5718.63157894737,692.387387387387,4846.88599846978,383.662209711471,2781.28115879364,3158.2614993451
"Glycylvaline",NA,NA,111.014041135554,NA,2560.9928057554,574.904895522388,222.054468174424,330.472489261608,NA,24.4304479252542,131.534773410901,94.1802325581396,NA,59.0685421994885,50.1052631578947,126.381381381381,NA,55.5066854327938,622.629164414658,77.5150627937437
"Deoxyguanosine",615,1160.84878331402,NA,NA,1210.00639488409,727.252119402985,1324.50375190219,2732.68419788878,599.903020507122,6460.32657323441,NA,125.25,137.787015791605,718.038874680307,132.631578947368,92.7177177177177,53.1962509563887,146.537649542576,97.5171549021727,NA
"Maltol",1518,329.808806488992,158.674519528828,NA,2364.65867306155,879.599343283582,4579.1964107677,1039.91071349169,649.249419133246,NA,3201.68356857171,3027.36046511628,2856.09960858415,1191.84398976982,683.052631578947,8761.11111111111,729.024483550115,1806.8536242083,NA,2351.41752061022
"Chenodeoxycholic acid",NA,791.280417149479,60882.1925699843,658.92740662809,NA,NA,1282.37959804796,NA,341.695120719265,1019.97120087936,NA,NA,12234.5595896882,839.5273657289,NA,594.534534534535,NA,621.230823363828,531.494022267863,756.440095538948
"Cer(d18:0/18:0)",14508,9181.85110081112,7483.27633309035,1530.85060494477,1973.72022382094,1863.68005970149,17072.9195571181,13629.7451243697,5154.69037276493,2908.75020610058,6872.94293127954,4021.59302325581,2618.28451882845,3726.3452685422,2723.73684210526,6811.75675675676,4107.6415455241,14132.4461646728,13453.2828883364,6407.78457508283
"Monoethylhexyl phthalic acid",168431,117610.732908459,125032.034036639,154685.70120989,174567.856115108,100809.084477612,47359.2835178675,116027.274538227,58309.0817254268,170889.456334158,67200.8814497736,128465.235465116,74115.834525577,76721.2388746803,75566.4736842105,53461.036036036,66821.3045141545,66322.9401829697,34425.5979245487,50733.4176747053
"Methylguanidine",NA,351.969872537659,363.847066758412,24950.4176749079,NA,NA,136.000839586504,130.213344953623,NA,117.571530640286,149.608253726903,239.334302325581,NA,118.974936061381,146.263157894737,180.585585585586,130.23909716909,212.257565095004,NA,NA
"Temazepam",5048,3640.93279258401,2859.62870359647,3428.77906365071,4627.25819344524,2909.00847761194,1176.76832659915,2115.29333819488,1316.57339125164,4569.2572135202,1361.20082305887,2734.13953488372,1488.49723309488,2029.69565217391,2213.10526315789,1286.35135135135,1538.49846977812,1971.59746657284,NA,1466.29478388165
"Piplartine",8167,24611.819235226,14229.5589271237,26783.9942135718,27168.4924060751,10362.1846567164,4391.74392611639,7020.29533913755,7713.24376199616,17957.1426765595,5600.10134532113,7926.67441860465,4206.80982588743,3959.68695652174,7128.21052631579,6565.55555555556,4308.11017597552,13439.7227304715,2093.55546427413,3088.38338855074
"Leucylalanine",782,NA,806.740780608109,3514.88374539716,NA,817.836955223881,1451.17710027811,NA,438.092736640065,2917.14817257488,406.988001189965,235.450581395349,NA,986.570332480818,1544.42105263158,NA,679.758990053558,NA,NA,472.345481161877
"Prolylhydroxyproline",NA,542.946118192352,2148.79010512117,1082.19989479221,667.709032773781,303.150388059702,365.878364905284,400.967300150293,3184.85099505,826.817971970322,481.624781013453,277.200581395349,318.963692806047,692.06547314578,1325.21052631579,200.27027027027,1378.64766641163,289.522871217453,650.454740028105,655.250481547115
"Deoxyinosine",NA,NA,217.959504847292,NA,NA,55.0714626865672,3044.37277640762,288.265405035261,377.557329023134,58.0223138224787,1131.26599014974,1417.55813953488,1000.28073964098,668.186700767263,228.789473684211,944.294294294294,138.886763580719,1377.00985221675,NA,381.465752369212
"Deoxyadenosine",NA,1611.23986095017,1150.8261855937,NA,176.441247002398,150.803164179104,496.463241853387,NA,233.534700474795,NA,626.882011701319,2248.18895348837,367.984073424214,1663.97340153453,NA,1838.09309309309,625.514537107881,NA,NA,828.991139533092
"2,6-Dimethylaniline",342,160.993626882966,174.948829224093,494.875328774329,307.907274180655,2132.86113432836,177.824106627486,NA,122.792201232448,NA,128.857220771494,228.168604651163,149.710892158186,186.42199488491,142.578947368421,88.1531531531532,142.817521040551,167.408163265306,113.85510755594,NA
"Leucyl-Glycine",254,885.790845886443,264.457532548047,2381.92740662809,234.390087929656,340.722507462687,417.931783596579,137.846541037111,NA,852.775322890904,293.526708095065,220.401162790698,192.106897017141,842.040920716113,473.421052631579,251.906906906907,259.954093343535,178.509500351865,234.858069397903,334.116649973033
"Stearic acid",370215,176288.021436848,213327.138837604,73680.2293529721,82336.6538768985,65261.2273432836,313929.955711812,102181.554865848,185580.042428528,77657.5228909041,145869.72085413,129637.148255814,98905.2422729113,153966.135038363,154902.263157895,155985.435435435,111359.407039021,312120.308937368,276712.074889201,266841.594267663
"p-Anisidine",16034,7914.75955967555,7611.72713461368,14973.150973172,13717.4420463629,7155.17265671642,3330.51613580312,6031.57194055866,3820.32932619456,10624.1910414949,4213.12907810796,6709.12790697675,4139.24119314347,4787.90332480818,4998,3441.11111111111,2780.3557765876,5671.00703729768,2778.21779267106,3713.84975730025
